train_size,mean_acc,std_acc,min_acc,max_acc,repeats
100.0,0.5650459921156373,0.03915811938436621,0.533508541392904,0.6202365308804205,3.0
200.0,0.6342531756460797,0.029311371045679543,0.6044678055190539,0.6741130091984231,3.0
500.0,0.7415681121331581,0.015707771420973345,0.7240473061760841,0.7621550591327201,3.0
1000.0,0.7643451598773543,0.011011655794986005,0.7529566360052562,0.7792378449408672,3.0
2000.0,0.7862461673236969,0.004955632281640322,0.7792378449408672,0.7897503285151117,3.0
3000.0,0.8155935173017959,0.005292617596843906,0.8081471747700394,0.8199737187910644,3.0
